area,bedrooms,bathrooms,stories,mainroad,guestroom,basement,hotwaterheating,airconditioning,parking,prefarea,area_log,price_log,furnishingstatus_semi-furnished,furnishingstatus_unfurnished,price
7420,4,2,3,1,0,0,0,1,2,1,8.911934336161426,16.40327459319198,0,0,13300000
8960,4,4,4,1,0,0,0,1,3,0,9.100525505968976,16.32103649495501,0,0,12250000
9960,3,2,2,1,0,1,0,0,2,1,9.206332350578643,16.32103649495501,1,0,12250000
7500,4,2,2,1,0,1,0,1,3,1,8.922658299524402,16.31817526267398,0,0,12215000
7420,4,1,2,1,1,1,0,1,2,0,8.911934336161426,16.25000072183826,0,0,11410000
7500,3,3,1,1,0,1,0,1,2,1,8.922658299524402,16.199675637950744,1,0,10850000
8580,4,3,4,1,0,0,0,1,2,1,9.057189192482008,16.13298426345207,1,0,10150000
16200,5,3,2,1,0,0,0,0,0,0,9.692766521220475,16.13298426345207,0,1,10150000
8100,4,1,2,1,1,1,0,1,2,1,8.99961934066053,16.105010411409665,0,0,9870000
5750,3,2,4,1,1,0,0,1,1,1,8.656955133791396,16.0978929436408,0,1,9800000
13200,3,1,2,1,0,1,0,1,2,1,9.487972108574462,16.0978929436408,0,0,9800000
6000,4,3,2,1,1,1,1,0,2,0,8.699514748210191,16.08567575970221,1,0,9681000
6550,4,2,2,1,0,0,0,1,1,1,8.787220328629298,16.04659964925325,1,0,9310000
3500,4,2,2,1,0,0,1,0,2,0,8.160518247477505,16.039052443617866,0,0,9240000
7800,3,2,2,1,0,0,0,0,0,1,8.961879012677683,16.039052443617866,1,0,9240000
6000,4,1,2,1,0,1,0,0,2,0,8.699514748210191,16.02378497148708,1,0,9100000
6600,4,2,2,1,1,1,0,1,1,1,8.794824928014517,16.02378497148708,0,1,9100000
8500,3,2,4,1,0,0,0,1,2,0,9.047821442478408,16.008280784951115,0,0,8960000
4600,3,2,2,1,1,0,0,1,2,0,8.433811582477187,16.00043760749009,0,0,8890000
6420,3,2,2,1,0,0,0,1,1,1,8.767173396684006,15.99649282919907,1,0,8855000
4320,3,1,2,1,0,1,1,0,2,0,8.371010681238156,15.984564258333798,1,0,8750000
7155,3,2,1,1,1,1,0,1,2,0,8.875566691990551,15.976532086636533,0,1,8680000
8050,3,1,1,1,1,1,0,1,1,0,8.99342737041261,15.972491677099528,0,0,8645000
4560,3,2,2,1,1,1,0,1,1,0,8.425077902508432,15.972491677099528,0,0,8645000
8800,3,2,2,1,0,0,0,1,2,0,9.082507000466299,15.964361551016278,0,0,8575000
6540,4,2,2,1,1,1,0,1,2,1,8.785692444451245,15.960271565764753,0,0,8540000
6000,3,2,4,1,1,1,0,1,0,1,8.699514748210191,15.951214278652243,1,0,8463000
8875,3,1,1,1,0,0,0,0,1,0,9.090993614343617,15.943742263813542,1,0,8400000
7950,5,2,2,1,0,1,1,0,2,0,8.980927207648378,15.943742263813542,0,1,8400000
5500,4,2,2,1,0,1,0,1,1,1,8.612503371220562,15.943742263813542,1,0,8400000
7475,3,2,4,1,0,0,0,1,2,0,8.919319398258887,15.943742263813542,0,1,8400000
7000,3,1,4,1,0,0,0,1,2,0,8.85366542803745,15.943742263813542,1,0,8400000
4880,4,2,2,1,0,0,0,1,1,1,8.492900498847193,15.931163481606681,0,0,8295000
5960,3,3,2,1,1,1,0,0,1,0,8.692825760059396,15.918424455829252,0,1,8190000
6840,5,1,2,1,1,1,0,1,1,0,8.830543010616596,15.90984071213786,0,0,8120000
7000,3,2,4,1,0,0,0,1,2,0,8.85366542803745,15.90501876036436,0,0,8080940
7482,3,2,3,1,0,0,1,0,1,1,8.920255414908091,15.900312705886206,0,0,8043000
9000,4,2,4,1,0,0,0,1,2,0,9.104979856318357,15.892448969425992,0,0,7980000
6000,3,1,4,1,1,0,0,1,2,0,8.699514748210191,15.890253578862556,0,1,7962500
6000,4,2,4,1,0,0,0,1,1,0,8.699514748210191,15.883638339743836,1,0,7910000
6550,3,1,2,1,0,1,0,1,0,1,8.787220328629298,15.879203742675971,0,0,7875000
6360,3,2,4,1,0,0,0,1,0,1,8.757783656334167,15.87474939232659,0,0,7840000
6480,3,2,4,1,0,0,0,1,2,0,8.776475789346321,15.856730886823913,0,1,7700000
6000,4,2,4,1,0,0,0,0,2,0,8.699514748210191,15.856730886823913,1,0,7700000
6000,4,2,4,1,0,0,0,1,1,0,8.699514748210191,15.838381748155715,0,0,7560000
6000,3,2,3,1,0,0,0,1,0,0,8.699514748210191,15.838381748155715,1,0,7560000
6000,3,2,4,1,0,0,0,1,1,0,8.699514748210191,15.833741368599213,0,0,7525000
6600,3,1,4,1,0,0,0,1,3,1,8.794824928014517,15.829079355493402,0,0,7490000
4300,3,2,2,1,0,1,0,0,1,0,8.366370301681654,15.824395506180975,0,1,7455000
7440,3,2,1,1,1,1,0,1,0,1,8.914626127827137,15.819689615143563,1,0,7420000
7440,3,2,4,1,0,0,0,0,1,1,8.914626127827137,15.819689615143563,0,1,7420000
6325,3,1,4,1,0,0,0,1,1,0,8.752265313595721,15.819689615143563,0,1,7420000
6000,4,2,4,1,1,0,0,1,1,0,8.699514748210191,15.81021087118902,0,0,7350000
5150,3,2,4,1,0,0,0,1,2,0,8.546751993657782,15.81021087118902,1,0,7350000
6000,3,2,2,1,1,0,0,1,1,0,8.699514748210191,15.81021087118902,1,0,7350000
6000,3,1,2,1,0,0,0,1,1,0,8.699514748210191,15.81021087118902,0,1,7350000
11440,4,1,2,1,0,1,0,0,1,1,9.344871264933788,15.809258036433748,1,0,7343000
9000,4,2,4,1,1,0,0,1,1,1,9.104979856318357,15.79582213373692,0,0,7245000
7680,4,2,4,1,1,0,0,1,1,0,8.946374826141717,15.790979509261131,1,0,7210000
6000,3,2,4,1,1,0,0,1,1,0,8.699514748210191,15.790979509261131,0,0,7210000
6000,3,2,2,1,1,0,0,0,1,0,8.699514748210191,15.781223334315767,1,0,7140000
8880,2,1,1,1,0,0,0,1,1,0,9.091556835986216,15.771371037872756,1,0,7070000
6240,4,2,2,1,0,0,0,1,1,0,8.738735461363474,15.771371037872756,0,0,7070000
6360,4,2,3,1,0,0,0,1,2,1,8.757783656334167,15.766408248530626,0,0,7035000
11175,3,1,1,1,0,1,0,1,1,1,9.32143441948177,15.761420707019587,0,0,7000000
8880,3,2,2,1,0,1,0,1,1,0,9.091556835986216,15.751370371166086,0,0,6930000
13200,2,1,1,1,0,1,1,0,1,0,9.487972108574462,15.751370371166086,0,0,6930000
7700,3,2,1,1,0,0,0,0,2,0,8.948975607841776,15.74630706920954,0,1,6895000
6000,3,1,1,1,0,0,0,1,1,0,8.699514748210191,15.741217999702068,0,0,6860000
12090,4,2,2,1,0,0,0,0,2,1,9.400133943608838,15.730961499534878,0,0,6790000
4000,3,2,2,1,0,1,0,1,0,1,8.294049640102028,15.730961499534878,1,0,6790000
6000,4,2,4,1,0,0,0,1,0,0,8.699514748210191,15.725793529376435,0,1,6755000
5020,3,1,4,1,0,0,0,1,0,1,8.521185212685776,15.720598712499333,0,1,6720000
6600,2,2,4,1,0,1,0,0,0,1,8.794824928014517,15.71537676851818,0,0,6685000
4040,3,1,2,1,0,1,1,0,1,0,8.303999970955196,15.710127412632037,0,0,6650000
4260,4,2,2,1,0,0,1,0,0,0,8.357024439263416,15.710127412632037,1,0,6650000
6420,3,2,3,1,0,0,0,1,0,1,8.767173396684006,15.710127412632037,0,0,6650000
6500,3,2,3,1,0,0,0,1,0,1,8.779557455883728,15.710127412632037,0,0,6650000
5700,3,1,1,1,1,1,0,1,2,1,8.648221453822641,15.710127412632037,0,0,6650000
6000,3,2,3,1,1,0,0,1,0,0,8.699514748210191,15.710127412632037,0,0,6650000
6000,3,1,2,1,0,0,1,0,1,1,8.699514748210191,15.70696452122353,1,0,6629000
4000,3,2,2,1,0,1,0,1,1,0,8.294049640102028,15.704850355531192,1,0,6615000
10500,3,2,1,1,0,1,0,1,1,1,9.259130536145614,15.704850355531192,0,0,6615000
6000,3,2,4,1,0,0,0,1,0,0,8.699514748210191,15.6995453033015,1,0,6580000
3760,3,1,2,1,0,0,1,0,2,0,8.23217423638394,15.688850014184752,1,0,6510000
8250,3,2,3,1,0,0,0,1,0,0,9.017968479328726,15.688850014184752,0,0,6510000
6670,3,1,3,1,0,1,0,0,0,1,8.80537513890967,15.688850014184752,0,1,6510000
3960,3,1,1,1,0,1,0,0,2,0,8.283999304248526,15.683459165549875,1,0,6475000
7410,3,1,1,1,1,1,0,1,2,1,8.910585718290132,15.683459165549875,0,1,6475000
8580,5,3,2,1,0,0,0,0,2,0,9.057189192482008,15.678039098080536,0,0,6440000
5000,3,1,2,1,0,0,0,1,0,0,8.517193191416238,15.678039098080536,1,0,6440000
6750,2,1,1,1,1,1,0,0,2,1,8.817297783866575,15.674772900293915,0,0,6419000
4800,3,2,4,1,1,0,0,1,0,0,8.476371196895983,15.672589493312971,0,0,6405000
7200,3,2,1,1,0,1,0,1,3,0,8.881836305004146,15.65606019136176,1,0,6300000
6000,4,2,4,1,0,0,0,0,1,0,8.699514748210191,15.65606019136176,1,0,6300000
4100,3,2,3,1,0,0,0,1,2,0,8.318742252692399,15.65606019136176,1,0,6300000
9000,3,1,1,1,0,1,0,0,1,1,9.104979856318357,15.65606019136176,0,0,6300000
6400,3,1,1,1,1,1,0,1,1,1,8.764053269347762,15.65606019136176,1,0,6300000
6600,3,2,3,1,0,0,0,1,0,1,8.794824928014517,15.65494846250907,0,1,6293000
6000,4,1,3,1,1,1,0,0,0,1,8.699514748210191,15.650489146312307,0,1,6265000
6600,3,2,1,1,0,1,0,1,0,1,8.794824928014517,15.644886890763637,0,1,6230000
5500,3,1,3,1,0,0,0,0,1,1,8.612503371220562,15.644886890763637,0,1,6230000
5500,3,2,4,1,1,0,0,1,1,0,8.612503371220562,15.63925307304538,1,0,6195000
6350,3,2,3,1,1,0,0,1,0,0,8.756210091886738,15.63925307304538,0,0,6195000
5500,3,2,1,1,1,1,0,0,2,1,8.612503371220562,15.63925307304538,0,0,6195000
4500,3,1,4,1,0,0,0,1,0,0,8.411832675758411,15.633587335509702,0,1,6160000
5450,4,2,1,1,0,1,0,1,0,1,8.60337088765729,15.633587335509702,1,0,6160000
6420,3,1,3,1,0,1,0,0,0,1,8.767173396684006,15.627889314395064,0,1,6125000
3240,4,1,3,1,0,0,0,0,1,0,8.083328608786376,15.625028082114033,1,0,6107500
6615,4,2,2,1,1,0,1,0,1,0,8.797095076549056,15.622158639686079,1,0,6090000
6600,3,1,1,1,1,1,0,0,2,1,8.794824928014517,15.622158639686079,1,0,6090000
8372,3,1,3,1,0,0,0,1,2,0,9.03264808356589,15.622158639686079,0,1,6090000
4300,6,2,2,1,0,0,0,0,0,0,8.366370301681654,15.621008553302842,0,0,6083000
9620,3,1,1,1,0,1,0,0,2,1,9.171599543659752,15.621008553302842,0,0,6083000
6800,2,1,1,1,1,1,0,0,2,0,8.824677891164198,15.610597817285004,0,0,6020000
8000,3,1,1,1,1,1,0,1,2,1,8.987196820661973,15.610597817285004,1,0,6020000
6900,3,2,1,1,1,1,0,0,0,1,8.83927669058535,15.610597817285004,0,1,6020000
3700,4,1,2,1,1,0,0,1,0,0,8.216088098632316,15.598901777521812,0,0,5950000
6420,3,1,1,1,0,1,0,1,0,1,8.767173396684006,15.598901777521812,0,0,5950000
7020,3,1,1,1,0,1,0,1,2,1,8.856518497019858,15.598901777521812,1,0,5950000
6540,3,1,1,1,1,1,0,0,2,1,8.785692444451245,15.598901777521812,0,0,5950000
7231,3,1,2,1,1,1,0,1,0,1,8.886132618174951,15.598901777521812,1,0,5950000
6254,4,2,1,1,0,1,0,0,1,1,8.740976538017787,15.598901777521812,1,0,5950000
7320,4,2,2,1,0,0,0,0,0,0,8.898365606955357,15.598901777521812,0,0,5950000
6525,3,2,4,1,0,0,0,0,1,0,8.783396232190894,15.598901777521812,0,0,5950000
15600,3,1,1,1,0,0,0,1,2,0,9.655026193237628,15.597724614348797,1,0,5943000
7160,3,1,1,1,0,1,0,0,2,1,8.87626525995469,15.58706731987481,0,1,5880000
6500,3,2,3,1,0,0,0,1,0,0,8.779557455883728,15.58706731987481,0,1,5880000
5500,3,1,3,1,1,0,0,1,1,0,8.612503371220562,15.585876134504657,0,0,5873000
11460,3,1,3,1,0,0,0,0,2,1,9.346617990268731,15.585876134504657,1,0,5873000
4800,3,1,1,1,1,1,0,0,0,0,8.476371196895983,15.584683528519534,0,1,5866000
5828,4,1,4,1,1,0,0,0,0,0,8.670429167315095,15.575091128828094,1,0,5810000
5200,3,1,3,1,0,0,0,1,0,0,8.556413904569519,15.575091128828094,1,0,5810000
4800,3,1,3,1,0,0,0,1,0,0,8.476371196895983,15.575091128828094,0,1,5810000
7000,3,1,1,1,0,1,0,0,2,1,8.85366542803745,15.573885583172745,1,0,5803000
6000,3,2,4,1,0,0,0,1,0,0,8.699514748210191,15.569048814372131,0,1,5775000
5400,4,2,2,1,0,0,0,1,2,0,8.594154232552366,15.56296976829575,0,1,5740000
4640,4,1,2,1,0,0,0,0,1,0,8.442469645220301,15.56296976829575,1,0,5740000
5000,3,1,3,1,0,0,0,1,0,0,8.517193191416238,15.56296976829575,1,0,5740000
6360,3,1,1,1,1,1,0,1,2,1,8.757783656334167,15.56296976829575,0,0,5740000
5800,3,2,4,1,0,0,0,1,0,0,8.66561319653451,15.56296976829575,0,1,5740000
6660,4,2,2,1,1,1,0,0,1,1,8.803874763534434,15.547608483134262,1,0,5652500
10500,4,2,2,1,0,0,0,0,1,0,9.259130536145614,15.538277155705378,1,0,5600000
4800,5,2,3,0,0,1,1,0,0,0,8.476371196895983,15.538277155705378,0,1,5600000
4700,4,1,2,1,1,1,0,1,1,0,8.45531778769815,15.538277155705378,0,0,5600000
5000,3,1,4,1,0,0,0,0,0,0,8.517193191416238,15.538277155705378,0,0,5600000
10500,2,1,1,1,0,0,0,0,1,0,9.259130536145614,15.538277155705378,1,0,5600000
5500,3,2,2,1,0,0,0,0,1,0,8.612503371220562,15.538277155705378,1,0,5600000
6360,3,1,3,1,0,0,0,0,0,1,8.757783656334167,15.538277155705378,1,0,5600000
6600,4,2,1,1,0,1,0,0,0,1,8.794824928014517,15.538277155705378,1,0,5600000
5136,3,1,2,1,1,1,0,1,0,1,8.544029845369797,15.538277155705378,0,1,5600000
4400,4,1,2,1,0,0,0,1,2,1,8.389359819906353,15.532007542691781,1,0,5565000
5400,5,1,2,1,1,1,0,1,0,1,8.594154232552366,15.532007542691781,0,0,5565000
3300,3,3,2,1,0,1,0,0,0,0,8.101677747454572,15.525698373498518,1,0,5530000
3650,3,2,2,1,0,0,0,0,2,0,8.202482446576537,15.525698373498518,1,0,5530000
6100,3,2,1,1,0,1,0,0,2,1,8.716044050161402,15.525698373498518,0,0,5530000
6900,3,1,1,1,1,1,0,0,0,1,8.83927669058535,15.524431748883325,1,0,5523000
2817,4,2,2,0,1,1,0,0,1,0,7.943427767876373,15.51934914581986,0,0,5495000
7980,3,1,1,1,0,0,0,0,2,0,8.984693690443855,15.51934914581986,1,0,5495000
3150,3,2,1,1,1,1,0,1,0,0,8.055157731819678,15.512959347721088,0,0,5460000
6210,4,1,4,1,1,0,0,1,0,0,8.733916174927524,15.512959347721088,0,0,5460000
6100,3,1,3,1,1,0,0,1,0,1,8.716044050161402,15.512959347721088,1,0,5460000
6600,4,2,2,1,1,1,0,0,0,1,8.794824928014517,15.512959347721088,1,0,5460000
6825,3,1,1,1,1,1,0,1,0,1,8.82834762005316,15.506528457390797,1,0,5425000
6710,3,2,2,1,1,1,0,0,1,1,8.811354229965728,15.50005594288518,0,0,5390000
6450,3,2,1,1,1,1,1,0,0,0,8.771835409789817,15.498756397543094,0,1,5383000
7800,3,1,1,1,0,1,0,1,2,1,8.961879012677683,15.486983861317826,0,1,5320000
4600,2,2,1,1,0,0,0,1,2,0,8.433811582477187,15.480383177286475,1,0,5285000
4260,4,1,2,1,0,1,0,1,0,0,8.357024439263416,15.473738634567807,0,0,5250000
6540,4,2,2,0,0,0,0,1,0,0,8.785692444451245,15.473738634567807,1,0,5250000
5500,3,2,1,1,0,1,0,0,0,0,8.612503371220562,15.473738634567807,1,0,5250000
10269,3,1,1,1,0,0,0,0,1,1,9.236884927198295,15.473738634567807,1,0,5250000
8400,3,1,2,1,1,1,0,1,2,1,9.035986984831405,15.473738634567807,0,1,5250000
5300,4,2,1,1,0,0,0,1,0,1,8.575462099540212,15.473738634567807,0,1,5250000
3800,3,1,2,1,1,1,0,0,1,1,8.242756345714477,15.473738634567807,0,1,5250000
9800,4,2,2,1,1,0,0,0,2,0,9.190137664658664,15.473738634567807,1,0,5250000
8520,3,1,1,1,0,0,0,1,2,0,9.050171619823361,15.473738634567807,0,0,5250000
6050,3,1,1,1,0,1,0,0,0,1,8.707813551024888,15.47240441155467,1,0,5243000
7085,3,1,1,1,1,1,0,0,2,1,8.865735152124781,15.469730613170269,1,0,5229000
3180,3,2,2,1,0,0,0,0,2,0,8.064636475774222,15.46704964641701,1,0,5215000
4500,4,2,1,0,0,1,0,1,2,0,8.411832675758411,15.46704964641701,1,0,5215000
7200,3,1,2,1,1,1,0,0,1,1,8.881836305004146,15.46704964641701,0,0,5215000
3410,3,1,2,0,0,0,0,1,0,0,8.134467570277563,15.453535927250288,1,0,5145000
7980,3,1,1,1,0,0,0,0,1,1,8.984693690443855,15.453535927250288,1,0,5145000
3000,3,2,2,1,1,1,0,0,0,0,8.006367567650246,15.446709962179888,0,0,5110000
3000,3,1,2,1,0,1,0,0,0,0,8.006367567650246,15.446709962179888,0,1,5110000
11410,2,1,2,1,0,0,0,0,0,1,9.342245442856122,15.446709962179888,0,0,5110000
6100,3,1,1,1,0,1,0,1,0,1,8.716044050161402,15.446709962179888,1,0,5110000
5720,2,1,2,1,0,0,0,1,0,1,8.651724084373843,15.439837082892126,0,1,5075000
3540,2,1,1,0,1,1,0,0,0,0,8.17188200612782,15.432916640047551,1,0,5040000
7600,4,1,2,1,0,0,0,1,2,0,8.935903526274423,15.432916640047551,0,0,5040000
10700,3,1,2,1,1,1,0,0,0,0,9.277999020449997,15.432916640047551,1,0,5040000
6600,3,1,1,1,1,1,0,0,0,1,8.794824928014517,15.432916640047551,0,0,5040000
4800,2,1,1,1,1,1,0,0,0,0,8.476371196895983,15.431526785758496,1,0,5033000
8150,3,2,1,1,1,1,0,0,0,0,9.005773206234908,15.425947970731459,1,0,5005000
4410,4,3,2,1,0,1,0,0,2,0,8.391629968440892,15.418930398072812,1,0,4970000
7686,3,1,1,1,1,1,1,0,0,0,8.94715577112479,15.418930398072812,1,0,4970000
2800,3,2,2,0,0,1,0,1,1,0,7.937374696163295,15.41610952173117,1,0,4956000
5948,3,1,2,1,0,0,0,1,0,0,8.690810307580046,15.411863230849718,1,0,4935000
4200,3,1,2,1,0,0,0,0,1,0,8.34283980427146,15.40617331507204,0,0,4907000
4520,3,1,2,1,0,1,0,1,0,0,8.416267272826277,15.404745763080856,1,0,4900000
4095,3,1,2,0,1,1,0,1,0,0,8.31752199628717,15.404745763080856,1,0,4900000
4120,2,1,1,1,0,1,0,0,1,0,8.323608442343572,15.404745763080856,1,0,4900000
5400,4,1,2,1,0,0,0,0,0,0,8.594154232552366,15.404745763080856,1,0,4900000
4770,3,1,1,1,1,1,0,0,0,0,8.470101583882387,15.404745763080856,1,0,4900000
6300,3,1,1,1,0,0,0,1,2,0,8.748304912379623,15.404745763080856,1,0,4900000
5800,2,1,1,1,1,1,0,1,0,0,8.66561319653451,15.404745763080856,1,0,4900000
3000,3,1,2,1,0,1,0,1,0,0,8.006367567650246,15.404745763080856,1,0,4900000
2970,3,1,3,1,0,0,0,0,0,0,7.996317231796746,15.404745763080856,1,0,4900000
6720,3,1,1,1,0,0,0,0,0,0,8.812843433517195,15.404745763080856,0,1,4900000
4646,3,1,2,1,1,1,0,0,2,0,8.443761913330354,15.404745763080856,1,0,4900000
12900,3,1,1,1,0,0,0,0,2,0,9.464982590349763,15.404745763080856,0,0,4900000
3420,4,2,2,1,0,1,0,1,2,0,8.13739583005665,15.40331617027126,1,0,4893000
4995,4,2,1,1,0,1,0,0,0,0,8.516192691082654,15.40331617027126,1,0,4893000
4350,2,1,1,1,0,1,0,0,0,0,8.37793112408273,15.397577273602243,0,1,4865000
4160,3,1,3,1,0,0,0,0,0,0,8.333270353255308,15.390357025628756,0,1,4830000
6040,3,1,1,1,0,0,0,0,2,1,8.706159290928861,15.390357025628756,1,0,4830000
6862,3,1,2,1,0,0,0,1,2,1,8.833754223418396,15.390357025628756,0,0,4830000
4815,2,1,1,1,0,0,0,1,0,1,8.479491324232226,15.390357025628756,1,0,4830000
7000,3,1,2,1,0,1,0,0,0,0,8.85366542803745,15.383084266299676,0,1,4795000
8100,4,1,4,1,0,1,0,1,2,0,8.99961934066053,15.383084266299676,1,0,4795000
3420,4,2,2,1,0,0,0,0,0,0,8.13739583005665,15.377227734186963,1,0,4767000
9166,2,1,1,1,0,1,0,1,2,0,9.123256265069069,15.375758226207603,1,0,4760000
6321,3,1,2,1,0,1,0,1,1,0,8.751632702472298,15.375758226207603,0,0,4760000
10240,2,1,1,1,0,0,0,1,2,1,9.234056898593499,15.375758226207603,0,1,4760000
6440,2,1,1,1,0,0,0,1,3,0,8.770283819098399,15.374286555596147,1,0,4753000
5170,3,1,4,1,0,0,0,1,0,0,8.550627967502475,15.360943140422462,1,0,4690000
6000,2,1,1,1,0,1,0,1,1,0,8.699514748210191,15.360943140422462,0,0,4690000
3630,3,1,2,1,0,0,0,0,2,0,8.196987927258897,15.360943140422462,1,0,4690000
9667,4,2,2,1,1,1,0,0,1,0,9.176473302464606,15.360943140422462,1,0,4690000
5400,2,1,2,1,0,0,0,0,0,1,8.594154232552366,15.360943140422462,1,0,4690000
4320,3,1,1,1,0,0,0,0,0,1,8.371010681238156,15.360943140422462,1,0,4690000
3745,3,1,2,1,0,1,0,0,0,0,8.22817689595132,15.353452468693305,0,0,4655000
4160,3,1,1,1,1,1,0,1,0,0,8.333270353255308,15.345905263057922,0,1,4620000
3880,3,2,2,1,0,1,0,0,2,0,8.263590432617319,15.345905263057922,1,0,4620000
5680,3,1,2,1,1,0,0,1,1,0,8.644706511715198,15.345905263057922,1,0,4620000
2870,2,1,2,1,1,1,0,0,0,1,7.962067308753666,15.345905263057922,1,0,4620000
5010,3,1,2,1,0,1,0,0,0,0,8.51919119407891,15.345905263057922,1,0,4620000
4510,4,2,2,1,0,1,0,0,0,0,8.414052432496725,15.344388962539957,1,0,4613000
4000,3,1,2,1,0,0,0,0,1,0,8.294049640102028,15.338300663672703,0,0,4585000
3840,3,1,2,1,0,0,0,0,1,1,8.253227645581772,15.338300663672703,1,0,4585000
3760,3,1,1,1,0,0,0,0,2,0,8.23217423638394,15.330637790927133,1,0,4550000
3640,3,1,2,1,0,0,0,1,0,0,8.199738960630786,15.330637790927133,0,0,4550000
2550,3,1,2,1,0,1,0,0,0,0,7.843848638152472,15.330637790927133,0,0,4550000
5320,3,1,2,1,1,1,0,0,0,1,8.57922858233569,15.330637790927133,1,0,4550000
5360,3,1,2,1,0,0,0,0,2,1,8.586719254064848,15.330637790927133,0,1,4550000
3520,3,1,1,1,0,0,0,0,0,1,8.166216268592143,15.330637790927133,1,0,4550000
8400,4,1,4,1,0,0,0,0,3,0,9.035986984831405,15.330637790927133,0,1,4550000
4100,2,2,1,1,1,1,0,0,0,0,8.318742252692399,15.32909814474154,1,0,4543000
4990,4,2,2,1,1,1,0,0,0,1,8.515191188745565,15.32909814474154,0,0,4543000
3510,3,1,3,1,0,0,0,0,0,0,8.163371316459912,15.322915744833223,1,0,4515000
3450,3,1,2,1,0,1,0,0,1,0,8.146129510025405,15.322915744833223,1,0,4515000
9860,3,1,1,1,0,0,0,0,0,0,9.19624144759668,15.322915744833223,1,0,4515000
3520,2,1,2,1,0,0,0,0,0,1,8.166216268592143,15.322915744833223,0,0,4515000
4510,4,1,2,1,0,0,0,1,2,0,8.414052432496725,15.315133604391168,1,0,4480000
5885,2,1,1,1,0,0,0,1,1,0,8.680162019694377,15.315133604391168,0,1,4480000
4000,3,1,2,1,0,0,0,0,2,0,8.294049640102028,15.315133604391168,0,0,4480000
8250,3,1,1,1,0,0,0,0,0,0,9.017968479328726,15.315133604391168,0,0,4480000
4040,3,1,2,1,0,0,0,0,1,0,8.303999970955196,15.315133604391168,1,0,4480000
6360,2,1,1,1,0,1,0,1,1,0,8.757783656334167,15.313569882414985,0,0,4473000
3162,3,1,2,1,0,0,0,1,1,0,8.058960017769417,15.313569882414985,0,0,4473000
3510,3,1,2,1,0,0,0,0,0,0,8.163371316459912,15.313569882414985,1,0,4473000
3750,2,1,1,1,1,1,0,0,0,0,8.229511118964457,15.307290426930143,1,0,4445000
3968,3,1,2,0,0,0,0,0,0,0,8.286017468404763,15.299385247423029,1,0,4410000
4900,2,1,2,1,0,1,0,0,0,0,8.496990484098719,15.299385247423029,1,0,4410000
2880,3,1,2,1,0,0,0,0,0,1,7.965545573129992,15.297796684737891,1,0,4403000
4880,3,1,1,1,0,0,0,0,2,1,8.492900498847193,15.297796684737891,0,1,4403000
4920,3,1,2,1,0,0,0,0,1,0,8.501063809486354,15.297796684737891,1,0,4403000
4950,4,1,2,1,0,0,0,1,0,0,8.507142855562735,15.29301579913755,1,0,4382000
3900,3,1,2,1,0,0,0,0,0,0,8.268731832117737,15.291417077773852,0,1,4375000
4500,3,2,3,1,0,0,1,0,1,0,8.411832675758411,15.283384906076588,0,0,4340000
1905,5,1,2,0,0,1,0,0,0,0,7.552237287560802,15.283384906076588,1,0,4340000
4075,3,1,1,1,1,1,0,0,2,0,8.312626025674962,15.283384906076588,1,0,4340000
3500,4,1,2,1,0,0,0,0,2,0,8.160518247477505,15.283384906076588,0,0,4340000
6450,4,1,2,1,0,0,0,0,0,0,8.771835409789817,15.283384906076588,1,0,4340000
4032,2,1,1,1,0,1,0,0,0,0,8.302017809751204,15.278534451942837,0,0,4319000
4400,2,1,1,1,0,0,0,0,1,0,8.389359819906353,15.275287695843968,1,0,4305000
10360,2,1,1,1,0,0,0,0,1,1,9.245707515813473,15.275287695843968,1,0,4305000
3400,3,1,2,1,0,1,0,0,2,1,8.131530710604252,15.268762387209046,1,0,4277000
6360,2,1,1,1,0,0,0,0,0,0,8.757783656334167,15.267124385204808,0,0,4270000
6360,2,1,2,1,0,0,0,0,0,0,8.757783656334167,15.267124385204808,0,1,4270000
4500,2,1,1,1,0,0,0,1,2,0,8.411832675758411,15.267124385204808,0,0,4270000
2175,3,1,2,0,1,1,0,1,0,0,7.684783943522785,15.267124385204808,0,1,4270000
4360,4,1,2,1,0,0,0,0,0,0,8.38022733634308,15.267124385204808,0,0,4270000
7770,2,1,1,1,0,0,0,0,1,0,8.958025443361693,15.267124385204808,0,0,4270000
6650,3,1,2,1,1,0,0,0,0,0,8.8023721336499,15.258893886068291,1,0,4235000
2787,3,1,1,1,0,1,0,0,0,1,7.932721027481948,15.258893886068291,0,0,4235000
5500,3,1,2,1,0,0,0,1,0,0,8.612503371220562,15.250595083253597,0,1,4200000
5040,3,1,2,1,0,1,0,1,0,0,8.525161361065415,15.250595083253597,0,1,4200000
5850,2,1,1,1,1,1,0,0,2,0,8.674196940225903,15.250595083253597,1,0,4200000
2610,4,3,2,0,0,0,0,0,0,0,7.867105500316739,15.250595083253597,1,0,4200000
2953,3,1,2,1,0,1,0,1,0,0,7.990576881743923,15.250595083253597,0,1,4200000
2747,4,2,2,0,0,0,0,0,0,0,7.918264686095274,15.250595083253597,1,0,4200000
4410,2,1,1,0,0,0,0,0,1,0,8.391629968440892,15.250595083253597,0,1,4200000
4000,4,2,2,0,0,0,0,0,0,0,8.294049640102028,15.250595083253597,1,0,4200000
2325,3,1,2,0,0,0,0,0,0,0,7.751475318021456,15.250595083253597,1,0,4200000
4600,3,2,2,1,0,0,0,1,1,0,8.433811582477187,15.250595083253597,1,0,4200000
3640,3,2,2,1,0,1,0,0,0,0,8.199738960630786,15.250595083253597,0,1,4200000
5800,3,1,1,1,0,0,1,0,2,0,8.66561319653451,15.250595083253597,1,0,4200000
7000,3,1,1,1,0,0,0,0,3,0,8.85366542803745,15.250595083253597,0,0,4200000
4079,3,1,3,1,0,0,0,0,0,0,8.313607139317558,15.250595083253597,1,0,4200000
3520,3,1,2,1,0,0,0,0,0,1,8.166216268592143,15.250595083253597,1,0,4200000
2145,3,1,3,1,0,0,0,0,1,1,7.6708948313621175,15.250595083253597,0,1,4200000
4500,3,1,1,1,0,1,0,0,0,0,8.411832675758411,15.250595083253597,0,0,4200000
8250,3,1,1,1,0,1,0,0,3,0,9.017968479328726,15.2489270261529,1,0,4193000
3450,3,1,2,1,0,0,0,0,1,0,8.146129510025405,15.2489270261529,1,0,4193000
4840,3,1,2,1,0,0,0,0,1,0,8.484669999710677,15.24222683358308,1,0,4165000
4080,3,1,2,1,0,0,0,0,2,0,8.313852267398207,15.24222683358308,1,0,4165000
4046,3,1,2,1,0,1,0,0,1,0,8.305484017727691,15.24222683358308,1,0,4165000
4632,4,1,2,1,0,0,0,1,0,0,8.440744019252831,15.233787964937216,1,0,4130000
5985,3,1,1,1,0,1,0,0,0,0,8.697011617992073,15.233787964937216,1,0,4130000
6060,2,1,1,1,0,1,0,0,1,0,8.70946507906336,15.232091611689038,1,0,4123000
3600,3,1,1,1,0,1,0,1,0,1,8.1886891244442,15.226131611075223,0,0,4098500
3680,3,2,2,1,0,0,0,0,0,0,8.210668031162976,15.225277275269306,1,0,4095000
4040,2,1,2,1,0,0,0,0,1,0,8.303999970955196,15.225277275269306,1,0,4095000
5600,2,1,1,1,0,0,0,1,0,0,8.630521876723241,15.225277275269306,1,0,4095000
5900,4,2,2,0,0,1,0,0,1,0,8.68270762989381,15.216693531577915,0,1,4060000
4992,3,2,2,1,0,0,0,0,2,0,8.515591910049263,15.216693531577915,0,1,4060000
4340,3,1,1,1,0,0,0,0,0,0,8.375629627094451,15.216693531577915,1,0,4060000
3000,4,1,3,1,0,1,0,1,2,0,8.006367567650246,15.216693531577915,1,0,4060000
4320,3,1,2,1,0,0,0,0,2,1,8.371010681238156,15.216693531577915,0,0,4060000
3630,3,2,2,1,0,0,1,0,2,0,8.196987927258897,15.208035468834801,1,0,4025000
3460,3,2,1,1,0,1,0,1,1,0,8.14902386805177,15.208035468834801,0,0,4025000
5400,3,1,1,1,0,0,0,0,3,0,8.594154232552366,15.208035468834801,1,0,4025000
4500,3,1,2,0,0,1,0,1,0,0,8.411832675758411,15.203678163465845,1,0,4007500
3460,4,1,2,1,0,0,0,1,0,0,8.14902386805177,15.203678163465845,1,0,4007500
4100,4,1,1,0,0,1,0,0,0,0,8.318742252692399,15.199301788866046,0,1,3990000
6480,3,1,2,0,0,0,0,1,1,0,8.776475789346321,15.199301788866046,1,0,3990000
4500,3,2,2,0,0,1,0,1,0,0,8.411832675758411,15.199301788866046,1,0,3990000
3960,3,1,2,1,0,0,0,0,0,0,8.283999304248526,15.199301788866046,0,0,3990000
4050,2,1,2,1,1,1,0,0,0,1,8.306472160100585,15.199301788866046,0,1,3990000
7260,3,2,1,1,1,1,0,0,3,0,8.890135107818843,15.181602211766645,0,0,3920000
5500,4,1,2,1,1,1,0,0,0,0,8.612503371220562,15.181602211766645,1,0,3920000
3000,3,1,2,1,0,0,0,0,0,0,8.006367567650246,15.181602211766645,1,0,3920000
3290,2,1,1,1,0,0,1,0,1,0,8.098642843759418,15.181602211766645,0,0,3920000
3816,2,1,1,1,0,1,0,1,2,0,8.246958032568177,15.181602211766645,0,0,3920000
8080,3,1,1,1,0,0,0,1,2,0,8.997147151515142,15.181602211766645,1,0,3920000
2145,4,2,1,1,0,1,0,0,0,1,7.6708948313621175,15.181602211766645,0,1,3920000
3780,2,1,2,1,1,1,0,0,0,0,8.237479288613633,15.172633541783885,1,0,3885000
3180,4,2,2,1,0,0,0,0,0,0,8.064636475774222,15.172633541783885,0,0,3885000
5300,5,2,2,1,0,0,0,0,0,0,8.575462099540212,15.163583706263967,1,0,3850000
3180,2,2,1,1,0,1,0,0,2,0,8.064636475774222,15.163583706263967,1,0,3850000
7152,3,1,2,1,0,0,0,1,0,0,8.87514731685335,15.163583706263967,0,0,3850000
4080,2,1,1,1,0,0,0,0,0,0,8.313852267398207,15.163583706263967,1,0,3850000
3850,2,1,1,1,0,0,0,0,0,0,8.25582842728183,15.163583706263967,1,0,3850000
2015,3,1,2,1,0,1,0,0,0,1,7.608374474380783,15.163583706263967,1,0,3850000
2176,2,1,2,1,1,0,0,0,0,1,7.685243607975833,15.163583706263967,1,0,3850000
3350,3,1,2,1,0,0,0,0,0,0,8.116715624819111,15.159940714985465,0,1,3836000
3150,2,2,1,0,0,1,0,0,0,0,8.055157731819678,15.154451222700695,1,0,3815000
4820,3,1,2,1,0,0,0,0,0,0,8.480529207044645,15.14523456759577,1,0,3780000
3420,2,1,2,1,0,0,1,0,1,0,8.13739583005665,15.14523456759577,1,0,3780000
3600,2,1,1,1,0,0,0,0,0,0,8.1886891244442,15.14523456759577,1,0,3780000
5830,2,1,1,1,0,0,0,0,2,0,8.670772279344538,15.14523456759577,0,1,3780000
2856,3,1,3,1,0,0,0,0,0,1,7.957177323459475,15.14523456759577,0,0,3780000
8400,2,1,1,1,0,0,0,0,1,0,9.035986984831405,15.14523456759577,0,0,3780000
8250,3,1,1,1,0,0,0,0,2,0,9.017968479328726,15.143380998946448,0,0,3773000
2520,5,2,1,0,0,1,0,1,1,0,7.832014180505469,15.143380998946448,0,0,3773000
6930,4,1,2,0,0,0,0,0,1,0,8.84361509218395,15.143380998946448,0,0,3773000
3480,2,1,1,1,0,0,0,0,0,1,8.15478757276852,15.135932174933457,1,0,3745000
3600,3,1,1,1,0,0,0,0,1,0,8.1886891244442,15.126542434583618,0,1,3710000
4040,2,1,1,1,0,0,0,0,0,0,8.303999970955196,15.126542434583618,1,0,3710000
6020,3,1,1,1,0,0,0,0,0,0,8.702842538302868,15.126542434583618,1,0,3710000
4050,2,1,1,1,0,0,0,0,0,0,8.306472160100585,15.126542434583618,0,0,3710000
3584,2,1,1,1,0,0,1,0,0,0,8.18423477409482,15.126542434583618,1,0,3710000
3120,3,1,2,0,0,1,1,0,0,0,8.045588280803528,15.12465385989575,1,0,3703000
5450,2,1,1,1,0,0,0,0,0,0,8.60337088765729,15.12465385989575,0,0,3703000
3630,2,1,1,1,0,1,0,0,0,0,8.196987927258897,15.117063690629074,0,0,3675000
3630,2,1,1,1,0,0,0,1,0,0,8.196987927258897,15.117063690629074,0,1,3675000
5640,2,1,1,0,0,0,0,0,0,0,8.637639344492104,15.117063690629074,1,0,3675000
3600,2,1,1,1,0,0,0,0,0,0,8.1886891244442,15.117063690629074,0,0,3675000
4280,2,1,1,1,0,0,0,1,2,0,8.361708288575842,15.107494239612924,1,0,3640000
3570,3,1,2,1,0,1,0,0,0,0,8.180320874773685,15.107494239612924,1,0,3640000
3180,3,1,2,0,0,1,0,0,0,0,8.064636475774222,15.107494239612924,1,0,3640000
3000,2,1,2,1,0,0,0,1,0,0,8.006367567650246,15.107494239612924,0,0,3640000
3520,2,2,1,1,0,1,0,0,0,0,8.166216268592143,15.107494239612924,1,0,3640000
5960,3,1,2,1,1,1,0,0,0,0,8.692825760059396,15.107494239612924,0,1,3640000
4130,3,2,2,1,0,0,0,0,2,0,8.326032685955079,15.107494239612924,1,0,3640000
2850,3,2,2,0,0,1,0,0,0,1,7.955074273262696,15.107494239612924,0,1,3640000
2275,3,1,3,1,0,0,1,1,0,1,7.729735331385051,15.107494239612924,1,0,3640000
3520,3,1,1,1,0,0,0,0,2,1,8.166216268592143,15.10556931120334,0,1,3633000
4500,2,1,1,1,0,0,0,0,0,0,8.411832675758411,15.097832328701186,1,0,3605000
4000,2,1,1,1,0,0,0,0,0,1,8.294049640102028,15.097832328701186,1,0,3605000
3150,3,1,2,1,0,1,0,0,0,0,8.055157731819678,15.088076153755821,0,0,3570000
4500,4,2,2,1,0,1,0,0,2,0,8.411832675758411,15.088076153755821,0,0,3570000
4500,2,1,1,0,0,0,0,0,0,0,8.411832675758411,15.088076153755821,0,0,3570000
3640,2,1,1,1,0,0,0,0,0,0,8.199738960630786,15.088076153755821,0,1,3570000
3850,3,1,1,1,0,0,0,0,2,0,8.25582842728183,15.07822385731281,0,1,3535000
4240,3,1,2,1,0,0,0,1,0,0,8.352318548226004,15.068273526459642,1,0,3500000
3650,3,1,2,1,0,0,0,0,0,0,8.202482446576537,15.068273526459642,0,1,3500000
4600,4,1,2,1,0,0,0,0,0,0,8.433811582477187,15.068273526459642,1,0,3500000
2135,3,2,2,0,0,0,0,0,0,0,7.666221925662725,15.068273526459642,0,1,3500000
3036,3,1,2,1,0,1,0,0,0,0,8.01829613851552,15.068273526459642,1,0,3500000
3990,3,1,2,1,0,0,0,0,0,0,8.29154650988391,15.068273526459642,1,0,3500000
7424,3,1,1,0,0,0,0,0,0,0,8.912473274466036,15.068273526459642,0,1,3500000
3480,3,1,1,0,0,0,0,1,0,0,8.15478757276852,15.068273526459642,0,1,3500000
3600,6,1,2,1,0,0,0,0,1,0,8.1886891244442,15.068273526459642,0,1,3500000
3640,2,1,1,1,0,0,0,0,1,0,8.199738960630786,15.068273526459642,1,0,3500000
5900,2,1,1,1,0,0,0,0,1,0,8.68270762989381,15.068273526459642,0,0,3500000
3120,3,1,2,1,0,0,0,0,1,0,8.045588280803528,15.068273526459642,0,1,3500000
7350,2,1,1,1,0,0,0,0,1,0,8.902455592206882,15.068273526459642,1,0,3500000
3512,2,1,1,1,0,0,0,0,1,1,8.163940954755008,15.068273526459642,0,1,3500000
9500,3,1,2,1,0,0,0,0,3,1,9.159047077588632,15.068273526459642,0,1,3500000
5880,2,1,1,1,0,0,0,0,0,0,8.679312040892672,15.068273526459642,0,1,3500000
12944,3,1,1,1,0,0,0,0,0,0,9.468387639298273,15.068273526459642,0,1,3500000
4900,3,1,2,0,0,0,0,0,0,0,8.496990484098719,15.066271523788968,0,1,3493000
3060,3,1,1,1,0,0,0,0,0,0,8.026170194946426,15.05822319060614,0,1,3465000
5320,2,1,1,1,0,0,0,0,1,1,8.57922858233569,15.05822319060614,0,1,3465000
2145,3,1,3,1,0,0,0,0,0,1,7.6708948313621175,15.05822319060614,0,0,3465000
4000,2,1,1,1,0,0,0,0,0,0,8.294049640102028,15.048070819142122,0,1,3430000
3185,2,1,1,1,0,0,0,0,2,0,8.066207568006265,15.048070819142122,0,1,3430000
3850,3,1,1,1,0,0,0,0,0,0,8.25582842728183,15.048070819142122,0,1,3430000
2145,3,1,3,1,0,0,0,0,0,1,7.6708948313621175,15.048070819142122,0,0,3430000
2610,3,1,2,1,0,1,0,0,0,1,7.867105500316739,15.048070819142122,0,1,3430000
1950,3,2,2,1,0,1,0,0,0,1,7.575584651557793,15.048070819142122,0,1,3430000
4040,2,1,1,1,0,0,0,0,0,0,8.303999970955196,15.046027917512323,0,1,3423000
4785,3,1,2,1,1,1,0,1,1,0,8.473241303887054,15.037814318974933,0,0,3395000
3450,3,1,1,1,0,1,0,0,2,0,8.146129510025405,15.037814318974933,0,1,3395000
3640,2,1,1,1,0,0,0,0,0,0,8.199738960630786,15.037814318974933,0,0,3395000
3500,4,1,2,1,0,0,0,1,2,0,8.160518247477505,15.027451531939388,0,1,3360000
4960,4,1,3,0,0,0,0,0,0,0,8.509161019718974,15.027451531939388,1,0,3360000
4120,2,1,2,1,0,0,0,0,0,0,8.323608442343572,15.027451531939388,0,1,3360000
4750,2,1,1,1,0,0,0,0,0,0,8.465899897028686,15.027451531939388,0,1,3360000
3720,2,1,1,0,0,0,0,1,0,0,8.221478947267192,15.027451531939388,0,1,3360000
3750,3,1,1,1,0,0,0,0,0,0,8.229511118964457,15.027451531939388,0,1,3360000
3100,3,1,2,0,0,1,0,0,0,0,8.039157390473237,15.027451531939388,1,0,3360000
3185,2,1,1,1,0,1,0,0,2,0,8.066207568006265,15.027451531939388,0,0,3360000
2700,3,1,1,0,0,0,0,0,0,0,7.90100705199242,15.025366025448365,0,0,3353000
2145,3,1,2,1,0,1,0,0,0,1,7.6708948313621175,15.01908328226887,0,0,3332000
4040,2,1,1,1,0,0,0,0,1,0,8.303999970955196,15.016980232072092,0,1,3325000
4775,4,1,2,1,0,0,0,0,0,0,8.471149252914831,15.016980232072092,0,1,3325000
2500,2,1,1,0,0,0,0,1,0,0,7.824046010856292,15.006398122741555,0,1,3290000
3180,4,1,2,1,0,1,0,1,0,0,8.064636475774222,15.006398122741555,0,1,3290000
6060,3,1,1,1,1,1,0,0,0,0,8.70946507906336,15.006398122741555,0,0,3290000
3480,4,1,2,0,0,0,0,0,1,0,8.15478757276852,15.006398122741555,1,0,3290000
3792,4,1,2,1,0,0,0,0,0,0,8.240648863374913,15.006398122741555,1,0,3290000
4040,2,1,1,1,0,0,0,0,0,0,8.303999970955196,15.006398122741555,0,1,3290000
2145,3,1,2,1,0,1,0,0,0,1,7.6708948313621175,15.006398122741555,0,0,3290000
5880,3,1,1,1,0,0,0,0,1,0,8.679312040892672,15.006398122741555,0,1,3290000
4500,2,1,1,0,0,0,0,0,0,0,8.411832675758411,14.995702833624806,1,0,3255000
3930,2,1,1,0,0,0,0,0,0,0,8.276394704863307,14.995702833624806,0,1,3255000
3640,4,1,2,1,0,1,0,0,0,0,8.199738960630786,14.989230319119189,0,1,3234000
4370,3,1,2,1,0,0,0,0,0,0,8.382518288089635,14.98489191752059,0,1,3220000
2684,2,1,1,1,0,0,0,1,1,0,7.895063498091573,14.98489191752059,0,1,3220000
4320,3,1,1,0,0,0,0,0,1,0,8.371010681238156,14.98489191752059,0,1,3220000
3120,3,1,2,0,0,0,0,0,0,0,8.045588280803528,14.98489191752059,0,0,3220000
3450,1,1,1,1,0,0,0,0,0,0,8.146129510025405,14.962913010801817,0,0,3150000
3986,2,2,1,0,1,1,0,0,1,0,8.29054350077274,14.962913010801817,0,1,3150000
3500,2,1,1,0,0,1,0,0,0,0,8.160518247477505,14.962913010801817,1,0,3150000
4095,2,1,1,1,0,0,0,0,2,0,8.31752199628717,14.962913010801817,1,0,3150000
1650,3,1,2,0,0,1,0,0,0,0,7.408530566894626,14.962913010801817,0,1,3150000
3450,3,1,2,1,0,1,0,0,0,0,8.146129510025405,14.962913010801817,1,0,3150000
6750,2,1,1,1,0,0,0,0,0,0,8.817297783866575,14.962913010801817,1,0,3150000
9000,3,1,2,1,0,0,0,0,2,0,9.104979856318357,14.962913010801817,1,0,3150000
3069,2,1,1,1,0,0,0,0,1,0,8.029107054619736,14.962913010801817,0,1,3150000
4500,3,1,2,1,0,0,0,1,0,0,8.411832675758411,14.960688315779704,0,1,3143000
5495,3,1,1,1,0,1,0,0,0,0,8.611593866837723,14.95622402265102,0,1,3129000
2398,3,1,1,1,0,0,0,0,0,1,7.7823903355874595,14.952974902096178,1,0,3118850
3000,3,1,1,0,0,0,0,1,0,0,8.006367567650246,14.951739710203691,0,1,3115000
3850,3,1,2,1,0,0,0,0,0,0,8.25582842728183,14.951739710203691,0,1,3115000
3500,2,1,1,1,0,0,0,0,0,0,8.160518247477505,14.951739710203691,0,1,3115000
8100,2,1,1,1,0,0,0,0,1,0,8.99961934066053,14.942710303484297,0,1,3087000
4960,2,1,1,1,0,1,0,1,0,0,8.509161019718974,14.940440154949757,0,1,3080000
2160,3,1,2,0,0,1,0,0,0,0,7.67786350067821,14.940440154949757,1,0,3080000
3090,2,1,1,1,1,1,0,0,0,0,8.035926369891792,14.940440154949757,0,1,3080000
4500,2,1,2,1,0,0,1,0,1,0,8.411832675758411,14.940440154949757,1,0,3080000
3800,2,1,1,1,0,0,0,0,0,0,8.242756345714477,14.929011459126134,0,1,3045000
3090,3,1,2,0,0,0,0,0,0,0,8.035926369891792,14.917450636725059,1,0,3010000
3240,3,1,2,1,0,0,0,0,2,0,8.083328608786376,14.917450636725059,1,0,3010000
2835,2,1,1,1,0,0,0,0,0,0,7.949797216161852,14.917450636725059,1,0,3010000
4600,2,1,1,1,0,0,0,0,0,0,8.433811582477187,14.917450636725059,0,0,3010000
5076,3,1,1,0,0,0,0,0,0,0,8.532278828834277,14.917450636725059,0,1,3010000
3750,3,1,2,1,0,0,0,0,0,0,8.229511118964457,14.917450636725059,0,1,3010000
3630,4,1,2,1,0,0,0,0,3,0,8.196987927258897,14.917450636725059,1,0,3010000
8050,2,1,1,1,0,0,0,0,0,0,8.99342737041261,14.915122346965468,0,1,3003000
4352,4,1,2,0,0,0,0,0,1,0,8.378390788535778,14.905754596961867,0,1,2975000
3000,2,1,2,1,0,0,0,0,0,0,8.006367567650246,14.901037607083728,1,0,2961000
5850,3,1,2,1,0,1,0,0,1,0,8.674196940225903,14.893920139314865,0,1,2940000
4960,2,1,1,1,0,0,0,0,0,0,8.509161019718974,14.893920139314865,0,1,2940000
3600,3,1,2,0,0,0,0,0,1,0,8.1886891244442,14.893920139314865,0,1,2940000
3660,4,1,2,0,0,0,0,0,0,0,8.205218426395412,14.893920139314865,0,1,2940000
3480,3,1,2,0,0,0,0,0,1,0,8.15478757276852,14.893920139314865,1,0,2940000
2700,2,1,1,0,0,0,0,0,0,0,7.90100705199242,14.893920139314865,0,0,2940000
3150,3,1,2,0,0,0,0,0,0,0,8.055157731819678,14.893920139314865,0,1,2940000
6615,3,1,2,1,0,0,0,0,0,0,8.797095076549056,14.893920139314865,1,0,2940000
3040,2,1,1,0,0,0,0,0,0,0,8.019612794400267,14.869822587735804,0,1,2870000
3630,2,1,1,1,0,0,0,0,0,0,8.196987927258897,14.869822587735804,0,1,2870000
6000,2,1,1,1,0,0,0,0,0,0,8.699514748210191,14.869822587735804,1,0,2870000
5400,4,1,2,1,0,0,0,0,0,0,8.594154232552366,14.869822587735804,0,1,2870000
5200,4,1,3,1,0,0,0,0,0,0,8.556413904569519,14.863706360718368,0,1,2852500
3300,3,1,2,0,0,0,0,0,1,0,8.101677747454572,14.85755249514399,1,0,2835000
4350,3,1,2,0,0,0,1,0,1,0,8.37793112408273,14.85755249514399,0,1,2835000
2640,2,1,1,0,0,0,0,0,1,0,7.878534196140362,14.85755249514399,0,0,2835000
2650,3,1,2,1,0,1,0,0,1,0,7.882314918980268,14.845129975145433,0,1,2800000
3960,3,1,1,1,0,0,0,0,0,0,8.283999304248526,14.845129975145433,0,0,2800000
6800,2,1,1,1,0,0,0,0,0,0,8.824677891164198,14.819812167161142,0,1,2730000
4000,3,1,2,1,0,0,0,0,1,0,8.294049640102028,14.819812167161142,0,1,2730000
4000,2,1,1,1,0,0,0,0,0,0,8.294049640102028,14.806908762325234,0,1,2695000
3934,2,1,1,1,0,0,0,0,0,0,8.277411998949004,14.793836680757881,0,1,2660000
2000,2,1,2,1,0,0,0,0,0,0,7.600902459542082,14.793836680757881,1,0,2660000
3630,3,3,2,0,1,0,0,0,0,0,8.196987927258897,14.793836680757881,0,1,2660000
2800,3,1,1,1,0,0,0,0,0,0,7.937374696163295,14.793836680757881,0,1,2660000
2430,3,1,1,0,0,0,0,0,0,0,7.795646536334594,14.793836680757881,0,1,2660000
3480,2,1,1,1,0,0,0,0,1,0,8.15478757276852,14.793836680757881,1,0,2660000
4000,3,1,1,1,0,0,0,0,0,0,8.294049640102028,14.793836680757881,1,0,2660000
3185,2,1,1,1,0,0,0,1,0,0,8.066207568006265,14.791201633119877,0,1,2653000
4000,3,1,2,1,0,0,0,1,0,0,8.294049640102028,14.791201633119877,0,1,2653000
2910,2,1,1,0,0,0,0,0,0,0,7.975908360165538,14.772559282310597,0,1,2604000
3600,2,1,1,1,0,0,0,0,0,0,8.1886891244442,14.767168433675721,0,1,2590000
4400,2,1,1,1,0,0,0,0,0,0,8.389359819906353,14.767168433675721,0,1,2590000
3600,2,2,2,1,0,1,0,0,1,0,8.1886891244442,14.767168433675721,0,0,2590000
2880,3,1,1,0,0,0,0,0,0,0,7.965545573129992,14.739769459487606,0,1,2520000
3180,3,1,1,0,0,0,0,0,0,0,8.064636475774222,14.739769459487606,0,1,2520000
3000,2,1,2,1,0,0,0,0,0,0,8.006367567650246,14.739769459487606,0,0,2520000
4400,3,1,2,1,0,0,0,0,0,0,8.389359819906353,14.725783217512866,0,1,2485000
3000,3,1,2,0,0,0,0,0,0,0,8.006367567650246,14.725783217512866,1,0,2485000
3210,3,1,2,1,0,1,0,0,0,0,8.07402621612406,14.71159858252091,0,1,2450000
3240,2,1,1,0,1,0,0,0,1,0,8.083328608786376,14.71159858252091,0,1,2450000
3000,2,1,1,1,0,0,0,0,1,0,8.006367567650246,14.71159858252091,0,1,2450000
3500,2,1,1,1,1,0,0,0,0,0,8.160518247477505,14.71159858252091,0,1,2450000
4840,2,1,2,1,0,0,0,0,0,0,8.484669999710677,14.71159858252091,0,1,2450000
7700,2,1,1,1,0,0,0,0,0,0,8.948975607841776,14.71159858252091,0,1,2450000
3635,2,1,1,0,0,0,0,0,0,0,8.19836438996762,14.694307085410848,0,1,2408000
2475,3,1,2,1,0,0,0,0,0,0,7.813995675002791,14.682611045647658,0,0,2380000
2787,4,2,2,1,0,0,0,0,0,0,7.932721027481948,14.682611045647658,0,0,2380000
3264,2,1,1,1,0,0,0,0,0,0,8.090708716083997,14.682611045647658,0,1,2380000
3640,2,1,1,1,0,0,0,0,0,0,8.199738960630786,14.667795959862516,0,1,2345000
3180,2,1,1,1,0,0,0,0,0,0,8.064636475774222,14.652758082497977,0,1,2310000
1836,2,1,1,0,0,1,0,0,0,0,7.515344571180436,14.637490610367188,1,0,2275000
3970,1,1,1,0,0,0,0,0,0,0,8.286521373681236,14.637490610367188,0,1,2275000
3970,3,1,2,1,0,1,0,0,0,0,8.286521373681236,14.637490610367188,0,1,2275000
1950,3,1,1,0,0,0,1,0,0,0,7.575584651557793,14.621986423831222,0,1,2240000
5300,3,1,1,0,0,0,0,1,0,1,8.575462099540212,14.618856530822296,0,1,2233000
3000,2,1,1,0,0,0,0,0,0,0,8.006367567650246,14.573977204644862,0,1,2135000
2400,3,1,2,1,0,0,0,0,0,0,7.783224016336037,14.557447902693651,0,1,2100000
3000,4,1,2,1,0,0,0,0,0,0,8.006367567650246,14.557447902693651,0,1,2100000
3360,2,1,1,1,0,0,0,0,1,0,8.11969625295725,14.557447902693651,0,1,2100000
3420,5,1,2,0,0,0,0,0,0,0,8.13739583005665,14.4884550312067,0,1,1960000
1700,3,1,2,1,0,0,0,0,0,0,7.438383530044307,14.452087387035824,0,1,1890000
3649,2,1,1,1,0,0,0,0,0,0,8.202208436436448,14.452087387035824,0,1,1890000
2990,2,1,1,0,0,0,0,0,1,0,8.003028666384733,14.433395254023672,0,1,1855000
3000,2,1,1,1,0,1,0,0,2,0,8.006367567650246,14.414347059052979,0,1,1820000
2400,3,1,1,0,0,0,0,0,0,0,7.783224016336037,14.384878637342375,1,0,1767150
3620,2,1,1,1,0,0,0,0,0,0,8.194229304819817,14.375126345899696,0,1,1750000
2910,3,1,1,0,0,0,0,0,0,0,7.975908360165538,14.375126345899696,0,0,1750000
3850,3,1,2,1,0,0,0,0,0,0,8.25582842728183,14.375126345899696,0,1,1750000
